firstname,last_name,email,gender,TimeZone
Kean,Morton,kmortonm7@wikimedia.org,Male,Europe/Belgrade
Quincey,Dinnies,qdinniesm8@google.it,Male,Asia/Shanghai
Rustie,Batterson,rbattersonm9@chicagotribune.com,Male,Asia/Shanghai
Hayes,Oager,hoagerma@stanford.edu,Male,Europe/Helsinki
Jessamine,Brims,jbrimsmb@unicef.org,Female,Asia/Shanghai
Sofia,Zohrer,szohrermc@aol.com,Female,Asia/Shanghai
Egbert,Winear,ewinearmd@google.com.hk,Male,America/Lima
Edik,Duthie,eduthieme@youku.com,Non-binary,America/Argentina/Salta
Madison,Haygreen,mhaygreenmf@admin.ch,Non-binary,Asia/Jakarta
Elisabetta,Burdass,eburdassmg@dyndns.org,Female,Asia/Tehran
Josey,Bratchell,jbratchellmh@accuweather.com,Female,America/Sao_Paulo
Eldin,Trousdale,etrousdalemi@networkadvertising.org,Male,Europe/Zagreb
Roi,Kadar,rkadarmj@youtu.be,Male,Europe/Belgrade
Raimund,Lampel,rlampelmk@blinklist.com,Male,Asia/Harbin
Goober,Churcher,gchurcherml@parallels.com,Male,America/Caracas
Janeen,Belasco,jbelascomm@ftc.gov,Female,America/Sao_Paulo
Haroun,Mogridge,hmogridgemn@multiply.com,Male,Europe/Stockholm
Hubie,Phippard,hphippardmo@purevolume.com,Male,Europe/Paris
Bertrand,Sjollema,bsjollemamp@sciencedaily.com,Male,America/Chicago
Gayle,Adicot,gadicotmq@indiegogo.com,Female,Asia/Harbin
Suzanne,Burroughes,sburroughesmr@reference.com,Female,Europe/Paris
Aubert,Bilbie,abilbiems@cocolog-nifty.com,Bigender,Asia/Baku
Lynea,Jovovic,ljovovicmt@desdev.cn,Female,America/Caracas
Florella,Oakenfall,foakenfallmu@wordpress.com,Bigender,America/Argentina/Cordoba
Willy,Bensley,wbensleymv@uol.com.br,Male,Asia/Chongqing
Roderic,Zimmermanns,rzimmermannsmw@examiner.com,Male,Europe/Helsinki
Dorthea,Goor,dgoormx@rakuten.co.jp,Genderfluid,Asia/Manila
Kore,Leyninye,kleyninyemy@theguardian.com,Female,Asia/Manila
Alasteir,Fairlaw,afairlawmz@nhs.uk,Male,Asia/Chongqing
Mallorie,Dolphin,mdolphinn0@yahoo.com,Female,Asia/Urumqi
Elka,Niblo,eniblon1@altervista.org,Female,Asia/Tokyo
Antoine,Beaston,abeastonn2@exblog.jp,Male,Europe/Paris
Leonore,Petrazzi,lpetrazzin3@cdc.gov,Female,Africa/Tripoli
Angeline,Kunneke,akunneken4@issuu.com,Female,Asia/Urumqi
Jamal,Oakly,joaklyn5@google.com.hk,Male,Asia/Shanghai
Romy,Brelsford,rbrelsfordn6@etsy.com,Female,Asia/Samarkand
Ephrayim,Woodfield,ewoodfieldn7@wired.com,Male,Asia/Shanghai
Marshal,Huscroft,mhuscroftn8@histats.com,Genderfluid,America/Lima
Cord,Driver,cdrivern9@webs.com,Male,America/Mexico_City
Sara-ann,Fewkes,sfewkesna@ning.com,Female,Europe/Paris
Delilah,McReynold,dmcreynoldnb@ucoz.com,Female,Europe/Prague
Rolph,Abade,rabadenc@ucoz.ru,Agender,Asia/Chongqing
Evan,Plumridege,eplumridegend@nps.gov,Genderqueer,Asia/Karachi
Merrie,Porkiss,mporkissne@twitpic.com,Female,Asia/Manila
Bank,Saill,bsaillnf@furl.net,Male,Asia/Chongqing
Stephanus,Kennford,skennfordng@patch.com,Male,Europe/Athens
Clementia,Wigzell,cwigzellnh@marriott.com,Female,Asia/Shanghai
Ignatius,Olesen,iolesenni@bluehost.com,Male,America/St_Kitts
Ashely,Gheeorghie,agheeorghienj@ox.ac.uk,Female,Asia/Jakarta
Wendi,Cossington,wcossingtonnk@squarespace.com,Female,Europe/Uzhgorod
Carlye,Cockshtt,ccockshttnl@nbcnews.com,Female,Asia/Manila
Ivory,Donnell,idonnellnm@admin.ch,Female,Asia/Shanghai
Emilie,Fifield,efifieldnn@lycos.com,Female,America/Santiago
Emilie,Bittany,ebittanyno@wunderground.com,Female,America/Jamaica
Bryan,Sarra,bsarranp@japanpost.jp,Male,Asia/Rangoon
Nannette,Musso,nmussonq@engadget.com,Female,Europe/Zagreb
Bronson,Devericks,bdevericksnr@topsy.com,Male,Europe/Lisbon
Anastasia,Haggarth,ahaggarthns@bluehost.com,Female,Asia/Chongqing
Tomi,de Almeida,tdealmeidant@friendfeed.com,Female,Asia/Damascus
Mady,Yakuntzov,myakuntzovnu@etsy.com,Female,Asia/Jakarta
Rhodie,Meffin,rmeffinnv@upenn.edu,Female,Europe/Paris
Matthias,MacDermot,mmacdermotnw@xrea.com,Male,Europe/Moscow
Alf,Wands,awandsnx@businesswire.com,Male,Europe/Amsterdam
Shelley,Gadsby,sgadsbyny@flavors.me,Female,Asia/Chongqing
Izak,Luetchford,iluetchfordnz@usnews.com,Male,Europe/Warsaw
Natasha,Carefull,ncarefullo0@smugmug.com,Female,Europe/Stockholm
Jodi,Dalla,jdallao1@businessweek.com,Male,Africa/Brazzaville
Domenico,Girodier,dgirodiero2@homestead.com,Male,Asia/Shanghai
Cece,Borley,cborleyo3@hostgator.com,Male,America/Sao_Paulo
Wilfrid,Spaule,wspauleo4@dropbox.com,Male,Asia/Rangoon
Ned,Worden,nwordeno5@booking.com,Polygender,Asia/Karachi
Karlene,Jerrand,kjerrando6@lulu.com,Female,Asia/Jakarta
Teddie,Sothern,tsotherno7@cisco.com,Genderqueer,Europe/Ljubljana
Kristy,Milmith,kmilmitho8@twitter.com,Female,Europe/Lisbon
Hunfredo,Firle,hfirleo9@digg.com,Male,Europe/Paris
Jacquenetta,Raddon,jraddonoa@nifty.com,Female,America/Guatemala
Shantee,Farge,sfargeob@photobucket.com,Female,Europe/Moscow
Erica,Vergine,evergineoc@wordpress.com,Female,Asia/Jakarta
Annmarie,Filde,afildeod@reference.com,Genderfluid,Asia/Jakarta
Torie,Dallicott,tdallicottoe@auda.org.au,Female,America/New_York
Mada,Huygen,mhuygenof@google.fr,Female,Asia/Chongqing
Dewey,McKue,dmckueog@homestead.com,Male,Europe/Stockholm
Idaline,Leacy,ileacyoh@xing.com,Female,Asia/Chongqing
Raine,Niesel,rnieseloi@nba.com,Female,Asia/Tokyo
Ivette,Dyson,idysonoj@nature.com,Genderqueer,Asia/Seoul
Stephine,Jan,sjanok@hubpages.com,Female,Asia/Shanghai
Jessee,Lalley,jlalleyol@tuttocitta.it,Male,Asia/Chongqing
Emmye,Millhouse,emillhouseom@nps.gov,Agender,Europe/Athens
Ashby,Itchingham,aitchinghamon@friendfeed.com,Male,Asia/Urumqi
Jane,Yurenin,jyureninoo@google.co.jp,Female,Asia/Manila
Tarah,Shank,tshankop@fastcompany.com,Female,America/Lima
Thoma,Jewer,tjeweroq@t-online.de,Male,Europe/Zagreb
Julee,Syddall,jsyddallor@aboutads.info,Female,Europe/Volgograd
Florence,Oakenfall,foakenfallos@thetimes.co.uk,Female,Asia/Chongqing
Jesse,Vell,jvellot@4shared.com,Female,Asia/Shanghai
Adriana,Pinner,apinnerou@g.co,Genderfluid,America/Lima
Cheryl,Becom,cbecomov@prnewswire.com,Female,Asia/Ho_Chi_Minh
Glenn,Saintsbury,gsaintsburyow@chicagotribune.com,Female,Asia/Jakarta
Demetri,Kemme,dkemmeox@over-blog.com,Male,Asia/Jakarta
Opaline,Hanson,ohansonoy@unc.edu,Female,Asia/Shanghai
